"","Alena Dernerová","Alena Šromová","Anna Hubáčková","David Smoljak","Emilie Třísková","František Bradáč","Hana Žáková","Herbert Pavera","Ivo Bárek","Ivo Valenta","Jan Horník","Jan Sobotka","Jan Tecl","Jan Žaloudík","Jaromír Strnad","Jaromíra Vítková","Jaroslav Doubrava","Jaroslav Kubera","Jaroslav Malý","Jaroslav Větrovský","Jaroslav Zeman","Jiří Burian","Jiří Carbol","Jiří Cieńciała","Jiří Čunek","Jiří Dienstbier","Jiří Drahoš","Jiří Dušek","Jiří Oberfalzer","Jiří Růžička","Jiří Vosecký","Jitka Chalánková","Jitka Seitlová","Karel Kratochvíle","Ladislav Faktor","Ladislav Chlupáč","Ladislav Kos","Ladislav Václavec","Leopold Sulovský","Lukáš Wagenknecht","Lumír Aschenbrenner","Lumír Kantor","Marek Hilšer","Martin Červíček","Michael Canov","Michal Kortyš","Mikuláš Bek","Milan Štěch","Miloš Vystrčil","Miluše Horská","Miroslav Adámek","Miroslav Antl","Miroslav Balatka","Miroslav Nenutil","Patrik Kunčar","Pavel Fischer","Pavel Karpíšek","Pavel Štohl","Peter Koliba","Petr Holeček","Petr Orel","Petr Šilar","Petr Vícha","Přemysl Rabas","Radek Sušil","Raduan Nwelati","Renata Chmelová","Rostislav Koštial","Šárka Jelínková","Tomáš Czernin","Tomáš Goláň","Tomáš Jirsa","Václav Hampl","Václav Chaloupek","Václav Láska","Vladislav Vilímec","Zbyněk Linhart","Zdeněk Hraba","Zdeněk Nytra","Zdeněk Papoušek","Zdeňka Hamousová","Zuzana Baudyšová"
"Alena Dernerová",NA,0.874,0.843,0.831,0.804,0.878,0.885,0.882,0.776,0.598,0.815,0.864,0.778,0.799,0.772,0.842,0.69,0.779,0.725,0.674,0.507,0.747,0.795,0.649,0.723,0.741,0.843,0.687,0.698,0.816,0.813,0.778,0.738,0.737,0.793,0.778,0.808,0.715,0.843,0.801,0.756,0.801,0.865,0.767,0.821,0.799,0.872,0.75,0.76,0.813,0.733,0.686,0.826,0.784,0.78,0.84,0.78,0.777,0.705,0.844,0.82,0.831,0.814,0.862,0.706,0.748,0.823,0.746,0.8,0.887,0.766,0.651,0.821,0.852,0.789,0.746,0.68,0.769,0.759,0.802,0.73,0.583
"Alena Šromová",0.874,NA,0.924,0.811,0.822,0.963,0.871,0.884,0.797,0.574,0.806,0.854,0.771,0.812,0.799,0.917,0.743,0.746,0.777,0.705,0.532,0.739,0.874,0.734,0.734,0.778,0.829,0.746,0.649,0.805,0.789,0.783,0.786,0.735,0.795,0.794,0.837,0.747,0.797,0.799,0.751,0.85,0.856,0.742,0.811,0.765,0.861,0.765,0.743,0.879,0.777,0.717,0.82,0.805,0.825,0.818,0.788,0.798,0.801,0.821,0.856,0.88,0.798,0.881,0.717,0.733,0.882,0.734,0.871,0.866,0.786,0.635,0.875,0.83,0.794,0.759,0.678,0.749,0.731,0.83,0.744,0.625
"Anna Hubáčková",0.843,0.924,NA,0.82,0.831,0.927,0.85,0.871,0.8,0.605,0.795,0.852,0.783,0.804,0.787,0.939,0.735,0.776,0.773,0.707,0.518,0.745,0.861,0.736,0.728,0.785,0.812,0.746,0.672,0.793,0.786,0.781,0.756,0.715,0.796,0.79,0.838,0.769,0.808,0.807,0.762,0.827,0.825,0.756,0.815,0.757,0.854,0.785,0.751,0.879,0.788,0.729,0.812,0.813,0.821,0.815,0.802,0.803,0.797,0.813,0.84,0.889,0.799,0.873,0.737,0.727,0.856,0.741,0.864,0.853,0.806,0.626,0.854,0.841,0.816,0.757,0.662,0.752,0.75,0.834,0.757,0.662
"David Smoljak",0.831,0.811,0.82,NA,0.748,0.833,0.812,0.844,0.748,0.587,0.784,0.843,0.778,0.792,0.721,0.815,0.649,0.713,0.728,0.616,0.461,0.739,0.771,0.667,0.715,0.74,0.833,0.678,0.652,0.803,0.79,0.779,0.7,0.7,0.828,0.792,0.859,0.682,0.829,0.815,0.715,0.776,0.837,0.747,0.832,0.732,0.846,0.723,0.744,0.786,0.748,0.643,0.812,0.745,0.727,0.843,0.756,0.723,0.679,0.854,0.837,0.749,0.75,0.864,0.627,0.728,0.813,0.715,0.753,0.837,0.782,0.653,0.809,0.834,0.803,0.698,0.688,0.744,0.719,0.83,0.675,NA
"Emilie Třísková",0.804,0.822,0.831,0.748,NA,0.83,0.814,0.81,0.878,0.635,0.744,0.795,0.752,0.824,0.836,0.813,0.805,0.815,0.796,0.741,0.497,0.734,0.816,0.813,0.696,0.729,0.758,0.792,0.672,0.755,0.764,0.77,0.681,0.814,0.766,0.772,0.783,0.827,0.743,0.756,0.746,0.76,0.787,0.745,0.771,0.758,0.769,0.821,0.761,0.792,0.848,0.807,0.746,0.896,0.739,0.776,0.81,0.839,0.786,0.74,0.774,0.805,0.885,0.799,0.787,0.723,0.776,0.717,0.801,0.791,0.755,0.652,0.76,0.78,0.736,0.732,0.638,0.736,0.722,0.738,0.809,0.667
"František Bradáč",0.878,0.963,0.927,0.833,0.83,NA,0.888,0.903,0.808,0.599,0.814,0.859,0.79,0.829,0.811,0.917,0.736,0.768,0.78,0.718,0.534,0.756,0.882,0.71,0.731,0.776,0.839,0.749,0.651,0.814,0.795,0.802,0.771,0.762,0.806,0.81,0.854,0.759,0.813,0.815,0.768,0.848,0.859,0.762,0.832,0.767,0.877,0.784,0.761,0.893,0.796,0.711,0.837,0.815,0.815,0.84,0.808,0.813,0.778,0.835,0.863,0.889,0.807,0.89,0.708,0.735,0.876,0.755,0.882,0.88,0.793,0.64,0.855,0.844,0.825,0.777,0.681,0.768,0.759,0.842,0.757,0.658
"Hana Žáková",0.885,0.871,0.85,0.812,0.814,0.888,NA,0.897,0.785,0.608,0.826,0.877,0.798,0.801,0.795,0.85,0.736,0.796,0.741,0.715,0.518,0.75,0.827,0.718,0.721,0.73,0.909,0.754,0.711,0.824,0.84,0.798,0.736,0.753,0.815,0.809,0.845,0.754,0.818,0.806,0.783,0.788,0.833,0.774,0.848,0.798,0.868,0.761,0.768,0.827,0.771,0.711,0.834,0.807,0.746,0.821,0.807,0.792,0.762,0.842,0.825,0.829,0.794,0.87,0.691,0.75,0.809,0.774,0.806,0.869,0.799,0.65,0.836,0.854,0.809,0.776,0.691,0.808,0.752,0.815,0.73,0.623
"Herbert Pavera",0.882,0.884,0.871,0.844,0.81,0.903,0.897,NA,0.8,0.69,0.824,0.902,0.824,0.822,0.808,0.861,0.746,0.802,0.753,0.665,0.555,0.771,0.841,0.686,0.722,0.735,0.862,0.709,0.734,0.819,0.835,0.83,0.734,0.738,0.842,0.823,0.85,0.735,0.845,0.812,0.81,0.812,0.834,0.799,0.861,0.818,0.859,0.747,0.794,0.824,0.757,0.72,0.847,0.808,0.778,0.875,0.842,0.806,0.738,0.861,0.875,0.836,0.797,0.905,0.709,0.768,0.811,0.796,0.814,0.941,0.81,0.699,0.818,0.896,0.831,0.809,0.679,0.803,0.787,0.873,0.714,0.645
"Ivo Bárek",0.776,0.797,0.8,0.748,0.878,0.808,0.785,0.8,NA,0.619,0.731,0.761,0.742,0.851,0.84,0.805,0.808,0.706,0.799,0.738,0.55,0.72,0.785,0.802,0.68,0.771,0.769,0.789,0.675,0.759,0.738,0.731,0.649,0.799,0.757,0.75,0.745,0.808,0.78,0.73,0.732,0.714,0.749,0.743,0.754,0.705,0.77,0.815,0.735,0.787,0.836,0.717,0.73,0.858,0.705,0.759,0.766,0.82,0.8,0.719,0.739,0.789,0.893,0.797,0.744,0.706,0.734,0.714,0.783,0.762,0.735,0.621,0.73,0.762,0.714,0.73,0.632,0.749,0.715,0.721,0.793,0.651
"Ivo Valenta",0.598,0.574,0.605,0.587,0.635,0.599,0.608,0.69,0.619,NA,0.619,0.622,0.737,0.613,0.644,0.574,0.605,0.721,0.61,0.538,0.704,0.713,0.6,0.533,0.535,0.498,0.595,0.522,0.735,0.618,0.691,0.728,0.57,0.617,0.696,0.686,0.608,0.553,0.606,0.626,0.74,0.614,0.576,0.74,0.648,0.719,0.564,0.604,0.757,0.606,0.553,0.636,0.674,0.596,0.622,0.625,0.702,0.625,0.492,0.644,0.644,0.599,0.663,0.639,0.611,0.74,0.553,0.715,0.593,0.667,0.616,0.735,0.542,0.628,0.61,0.739,0.674,0.62,0.723,0.57,0.539,0.518
"Jan Horník",0.815,0.806,0.795,0.784,0.744,0.814,0.826,0.824,0.731,0.619,NA,0.812,0.783,0.728,0.733,0.784,0.68,0.788,0.695,0.669,0.579,0.739,0.772,0.673,0.711,0.691,0.797,0.683,0.671,0.813,0.79,0.754,0.713,0.729,0.77,0.787,0.773,0.702,0.788,0.777,0.769,0.753,0.809,0.749,0.807,0.747,0.803,0.711,0.763,0.76,0.708,0.691,0.773,0.713,0.733,0.803,0.77,0.739,0.701,0.802,0.795,0.785,0.75,0.82,0.631,0.737,0.779,0.769,0.773,0.833,0.74,0.655,0.792,0.815,0.798,0.756,0.721,0.728,0.737,0.779,0.691,0.701
"Jan Sobotka",0.864,0.854,0.852,0.843,0.795,0.859,0.877,0.902,0.761,0.622,0.812,NA,0.785,0.792,0.787,0.838,0.716,0.788,0.75,0.649,0.544,0.768,0.797,0.691,0.729,0.724,0.856,0.7,0.692,0.828,0.803,0.808,0.756,0.707,0.821,0.796,0.835,0.726,0.807,0.792,0.781,0.788,0.809,0.76,0.843,0.772,0.855,0.734,0.768,0.812,0.762,0.7,0.826,0.776,0.745,0.842,0.81,0.756,0.731,0.844,0.837,0.791,0.776,0.885,0.673,0.748,0.814,0.751,0.801,0.882,0.802,0.672,0.831,0.868,0.818,0.763,0.71,0.782,0.762,0.809,0.685,0.625
"Jan Tecl",0.778,0.771,0.783,0.778,0.752,0.79,0.798,0.824,0.742,0.737,0.783,0.785,NA,0.728,0.743,0.777,0.691,0.852,0.699,0.675,0.618,0.878,0.77,0.681,0.716,0.652,0.764,0.697,0.754,0.74,0.778,0.893,0.655,0.684,0.886,0.902,0.759,0.71,0.756,0.749,0.864,0.712,0.739,0.887,0.835,0.841,0.753,0.676,0.887,0.739,0.726,0.738,0.774,0.721,0.75,0.825,0.884,0.717,0.696,0.792,0.749,0.783,0.718,0.785,0.671,0.859,0.737,0.906,0.75,0.804,0.764,0.758,0.73,0.778,0.719,0.899,0.731,0.775,0.868,0.761,0.675,0.649
"Jan Žaloudík",0.799,0.812,0.804,0.792,0.824,0.829,0.801,0.822,0.851,0.613,0.728,0.792,0.728,NA,0.831,0.812,0.77,0.777,0.783,0.664,0.558,0.703,0.777,0.749,0.693,0.793,0.749,0.753,0.663,0.77,0.745,0.715,0.699,0.792,0.78,0.717,0.781,0.796,0.771,0.769,0.737,0.75,0.776,0.728,0.774,0.738,0.796,0.807,0.722,0.754,0.795,0.7,0.739,0.856,0.722,0.78,0.734,0.813,0.771,0.797,0.785,0.742,0.819,0.831,0.729,0.705,0.784,0.729,0.749,0.829,0.761,0.6,0.768,0.786,0.761,0.7,0.638,0.748,0.681,0.818,0.762,0.593
"Jaromír Strnad",0.772,0.799,0.787,0.721,0.836,0.811,0.795,0.808,0.84,0.644,0.733,0.787,0.743,0.831,NA,0.783,0.787,0.761,0.798,0.728,0.543,0.73,0.744,0.737,0.639,0.745,0.78,0.77,0.674,0.748,0.709,0.745,0.686,0.843,0.747,0.732,0.739,0.778,0.733,0.718,0.722,0.72,0.743,0.722,0.763,0.746,0.756,0.812,0.729,0.77,0.784,0.738,0.72,0.836,0.724,0.733,0.757,0.831,0.775,0.743,0.743,0.753,0.872,0.771,0.733,0.7,0.731,0.709,0.736,0.766,0.744,0.647,0.717,0.761,0.721,0.755,0.658,0.755,0.713,0.686,0.763,0.657
"Jaromíra Vítková",0.842,0.917,0.939,0.815,0.813,0.917,0.85,0.861,0.805,0.574,0.784,0.838,0.777,0.812,0.783,NA,0.759,0.8,0.751,0.712,0.556,0.73,0.86,0.755,0.705,0.784,0.809,0.746,0.65,0.795,0.763,0.783,0.736,0.728,0.775,0.793,0.833,0.759,0.793,0.8,0.748,0.805,0.827,0.748,0.796,0.733,0.864,0.756,0.729,0.88,0.809,0.712,0.824,0.807,0.797,0.807,0.784,0.807,0.827,0.812,0.826,0.884,0.821,0.864,0.753,0.721,0.865,0.739,0.85,0.842,0.797,0.626,0.847,0.83,0.789,0.726,0.643,0.734,0.741,0.854,0.753,0.662
"Jaroslav Doubrava",0.69,0.743,0.735,0.649,0.805,0.736,0.736,0.746,0.808,0.605,0.68,0.716,0.691,0.77,0.787,0.759,NA,0.642,0.741,0.727,0.549,0.662,0.716,0.846,0.642,0.665,0.702,0.797,0.618,0.691,0.701,0.689,0.621,0.746,0.703,0.694,0.711,0.802,0.678,0.68,0.685,0.666,0.681,0.668,0.69,0.656,0.702,0.73,0.671,0.711,0.77,0.705,0.666,0.813,0.648,0.684,0.735,0.717,0.814,0.666,0.68,0.731,0.823,0.754,0.739,0.654,0.684,0.686,0.692,0.696,0.67,0.605,0.668,0.694,0.643,0.682,0.555,0.68,0.64,0.651,0.791,0.632
"Jaroslav Kubera",0.779,0.746,0.776,0.713,0.815,0.768,0.796,0.802,0.706,0.721,0.788,0.788,0.852,0.777,0.761,0.8,0.642,NA,0.703,0.721,0.77,0.852,0.779,0.772,0.695,0.649,0.761,0.752,0.808,0.774,0.806,0.862,0.73,0.741,0.846,0.881,0.777,0.776,0.775,0.744,0.86,0.742,0.776,0.803,0.857,0.841,0.737,0.727,0.813,0.702,0.756,0.783,0.791,0.718,0.77,0.785,0.942,0.731,0.758,0.801,0.762,0.805,0.744,0.787,0.828,0.879,0.749,0.881,0.739,0.806,0.753,0.807,0.748,0.805,0.773,0.868,0.815,0.771,0.829,0.819,0.729,0.848
"Jaroslav Malý",0.725,0.777,0.773,0.728,0.796,0.78,0.741,0.753,0.799,0.61,0.695,0.75,0.699,0.783,0.798,0.751,0.741,0.703,NA,0.665,0.507,0.684,0.757,0.649,0.643,0.732,0.706,0.731,0.62,0.706,0.694,0.695,0.658,0.699,0.695,0.717,0.738,0.734,0.709,0.69,0.687,0.697,0.685,0.667,0.703,0.654,0.721,0.762,0.669,0.747,0.764,0.696,0.698,0.813,0.7,0.733,0.738,0.782,0.728,0.698,0.732,0.786,0.821,0.756,0.685,0.661,0.733,0.67,0.72,0.713,0.692,0.6,0.746,0.721,0.698,0.67,0.58,0.675,0.673,0.708,0.738,0.549
"Jaroslav Větrovský",0.674,0.705,0.707,0.616,0.741,0.718,0.715,0.665,0.738,0.538,0.669,0.649,0.675,0.664,0.728,0.712,0.727,0.721,0.665,NA,0.519,0.676,0.663,0.746,0.639,0.674,0.665,0.86,0.577,0.664,0.62,0.649,0.566,0.739,0.675,0.693,0.665,0.829,0.656,0.638,0.679,0.621,0.658,0.664,0.673,0.641,0.665,0.736,0.637,0.693,0.812,0.687,0.629,0.772,0.634,0.628,0.675,0.689,0.838,0.619,0.635,0.725,0.756,0.683,0.688,0.64,0.659,0.653,0.683,0.657,0.66,0.616,0.652,0.682,0.62,0.67,0.559,0.647,0.641,0.626,0.873,0.753
"Jaroslav Zeman",0.507,0.532,0.518,0.461,0.497,0.534,0.518,0.555,0.55,0.704,0.579,0.544,0.618,0.558,0.543,0.556,0.549,0.77,0.507,0.519,NA,0.638,0.554,0.523,0.53,0.481,0.525,0.5,0.647,0.55,0.559,0.667,0.525,0.557,0.632,0.586,0.487,0.492,0.535,0.522,0.633,0.523,0.483,0.63,0.59,0.622,0.523,0.557,0.65,0.521,0.49,0.6,0.568,0.492,0.569,0.558,0.613,0.555,0.509,0.578,0.504,0.549,0.548,0.535,0.583,0.646,0.512,0.639,0.548,0.56,0.481,0.655,0.472,0.536,0.532,0.644,0.662,0.568,0.658,0.545,0.489,0.662
"Jiří Burian",0.747,0.739,0.745,0.739,0.734,0.756,0.75,0.771,0.72,0.713,0.739,0.768,0.878,0.703,0.73,0.73,0.662,0.852,0.684,0.676,0.638,NA,0.712,0.657,0.661,0.639,0.735,0.665,0.758,0.706,0.756,0.873,0.631,0.639,0.857,0.869,0.703,0.675,0.73,0.691,0.85,0.688,0.69,0.841,0.816,0.824,0.716,0.664,0.852,0.69,0.697,0.717,0.723,0.711,0.725,0.786,0.881,0.699,0.665,0.764,0.713,0.765,0.681,0.728,0.657,0.846,0.685,0.857,0.717,0.769,0.724,0.761,0.687,0.766,0.683,0.878,0.712,0.749,0.833,0.707,0.661,0.622
"Jiří Carbol",0.795,0.874,0.861,0.771,0.816,0.882,0.827,0.841,0.785,0.6,0.772,0.797,0.77,0.777,0.744,0.86,0.716,0.779,0.757,0.663,0.554,0.712,NA,0.654,0.729,0.744,0.771,0.716,0.65,0.755,0.777,0.762,0.744,0.711,0.782,0.769,0.809,0.719,0.794,0.796,0.748,0.799,0.814,0.752,0.782,0.721,0.839,0.763,0.725,0.809,0.733,0.684,0.771,0.762,0.793,0.786,0.771,0.785,0.747,0.799,0.808,0.852,0.809,0.847,0.706,0.722,0.888,0.71,0.812,0.807,0.753,0.642,0.828,0.802,0.792,0.744,0.682,0.75,0.74,0.806,0.713,0.638
"Jiří Cieńciała",0.649,0.734,0.736,0.667,0.813,0.71,0.718,0.686,0.802,0.533,0.673,0.691,0.681,0.749,0.737,0.755,0.846,0.772,0.649,0.802,0.523,0.657,0.654,NA,0.695,0.666,0.68,0.854,0.551,0.668,0.673,0.648,0.657,0.744,0.684,0.672,0.777,0.864,0.639,0.667,0.645,0.644,0.706,0.666,0.698,0.637,0.673,0.722,0.659,0.688,0.828,0.686,0.641,0.805,0.657,0.657,0.671,0.743,0.943,0.675,0.745,0.73,0.723,0.77,0.673,0.649,0.696,0.67,0.641,0.704,0.789,0.606,0.695,0.688,0.755,0.708,0.607,0.671,0.673,0.653,0.857,0.7
"Jiří Čunek",0.723,0.734,0.728,0.715,0.696,0.731,0.721,0.722,0.68,0.535,0.711,0.729,0.716,0.693,0.639,0.705,0.642,0.695,0.643,0.639,0.53,0.661,0.729,0.695,NA,0.62,0.671,0.676,0.639,0.721,0.68,0.701,0.63,0.683,0.698,0.707,0.676,0.684,0.681,0.644,0.696,0.654,0.663,0.676,0.722,0.664,0.713,0.581,0.665,0.711,0.665,0.612,0.729,0.677,0.715,0.718,0.701,0.717,0.696,0.699,0.689,0.676,0.656,0.697,0.592,0.681,0.716,0.677,0.716,0.721,0.625,0.595,0.67,0.719,0.66,0.71,0.622,0.67,0.685,0.702,0.674,0.481
"Jiří Dienstbier",0.741,0.778,0.785,0.74,0.729,0.776,0.73,0.735,0.771,0.498,0.691,0.724,0.652,0.793,0.745,0.784,0.665,0.649,0.732,0.674,0.481,0.639,0.744,0.666,0.62,NA,0.716,0.724,0.587,0.725,0.669,0.637,0.714,0.718,0.674,0.66,0.761,0.707,0.715,0.764,0.62,0.717,0.768,0.64,0.685,0.652,0.802,0.736,0.635,0.742,0.755,0.673,0.731,0.756,0.677,0.721,0.651,0.734,0.73,0.722,0.743,0.739,0.764,0.751,0.725,0.621,0.801,0.661,0.727,0.739,0.733,0.559,0.792,0.762,0.753,0.609,0.574,0.68,0.62,0.751,0.725,0.612
"Jiří Drahoš",0.843,0.829,0.812,0.833,0.758,0.839,0.909,0.862,0.769,0.595,0.797,0.856,0.764,0.749,0.78,0.809,0.702,0.761,0.706,0.665,0.525,0.735,0.771,0.68,0.671,0.716,NA,0.68,0.681,0.794,0.828,0.785,0.719,0.72,0.796,0.754,0.807,0.688,0.818,0.775,0.76,0.787,0.824,0.752,0.81,0.794,0.854,0.746,0.74,0.804,0.731,0.686,0.807,0.742,0.719,0.801,0.801,0.762,0.716,0.846,0.802,0.765,0.803,0.819,0.658,0.733,0.783,0.735,0.784,0.837,0.779,0.662,0.799,0.829,0.78,0.751,0.678,0.803,0.729,0.788,0.697,0.649
"Jiří Dušek",0.687,0.746,0.746,0.678,0.792,0.749,0.754,0.709,0.789,0.522,0.683,0.7,0.697,0.753,0.77,0.746,0.797,0.752,0.731,0.86,0.5,0.665,0.716,0.83,0.676,0.724,0.68,NA,0.571,0.706,0.664,0.65,0.613,0.768,0.689,0.701,0.716,0.911,0.649,0.695,0.67,0.662,0.674,0.671,0.687,0.654,0.701,0.77,0.652,0.711,0.892,0.717,0.647,0.817,0.649,0.658,0.699,0.714,0.893,0.67,0.662,0.726,0.79,0.702,0.694,0.635,0.707,0.659,0.692,0.681,0.704,0.591,0.704,0.709,0.665,0.657,0.568,0.674,0.644,0.666,0.869,0.688
"Jiří Oberfalzer",0.698,0.649,0.672,0.652,0.672,0.651,0.711,0.734,0.675,0.735,0.671,0.692,0.754,0.663,0.674,0.65,0.618,0.808,0.62,0.577,0.647,0.758,0.65,0.551,0.639,0.587,0.681,0.571,NA,0.668,0.693,0.769,0.626,0.628,0.778,0.731,0.657,0.607,0.694,0.661,0.794,0.652,0.635,0.756,0.729,0.767,0.658,0.647,0.767,0.65,0.624,0.664,0.678,0.649,0.712,0.721,0.783,0.687,0.599,0.702,0.658,0.678,0.658,0.685,0.625,0.77,0.615,0.756,0.672,0.726,0.694,0.725,0.619,0.67,0.647,0.777,0.724,0.676,0.779,0.664,0.588,0.608
"Jiří Růžička",0.816,0.805,0.793,0.803,0.755,0.814,0.824,0.819,0.759,0.618,0.813,0.828,0.74,0.77,0.748,0.795,0.691,0.774,0.706,0.664,0.55,0.706,0.755,0.668,0.721,0.725,0.794,0.706,0.668,NA,0.801,0.739,0.7,0.734,0.765,0.76,0.77,0.735,0.78,0.769,0.729,0.773,0.796,0.727,0.795,0.732,0.817,0.734,0.727,0.779,0.735,0.707,0.781,0.747,0.737,0.78,0.781,0.716,0.743,0.789,0.794,0.753,0.752,0.82,0.651,0.715,0.792,0.701,0.771,0.824,0.736,0.657,0.796,0.823,0.761,0.703,0.685,0.776,0.706,0.793,0.703,0.612
"Jiří Vosecký",0.813,0.789,0.786,0.79,0.764,0.795,0.84,0.835,0.738,0.691,0.79,0.803,0.778,0.745,0.709,0.763,0.701,0.806,0.694,0.62,0.559,0.756,0.777,0.673,0.68,0.669,0.828,0.664,0.693,0.801,NA,0.781,0.697,0.696,0.818,0.763,0.78,0.659,0.821,0.766,0.788,0.786,0.793,0.758,0.83,0.771,0.803,0.706,0.763,0.745,0.701,0.692,0.787,0.73,0.739,0.788,0.817,0.713,0.672,0.827,0.788,0.761,0.724,0.811,0.66,0.77,0.769,0.756,0.763,0.843,0.753,0.685,0.766,0.806,0.792,0.757,0.718,0.795,0.759,0.807,0.655,0.594
"Jitka Chalánková",0.778,0.783,0.781,0.779,0.77,0.802,0.798,0.83,0.731,0.728,0.754,0.808,0.893,0.715,0.745,0.783,0.689,0.862,0.695,0.649,0.667,0.873,0.762,0.648,0.701,0.637,0.785,0.65,0.769,0.739,0.781,NA,0.652,0.651,0.901,0.895,0.779,0.66,0.747,0.751,0.873,0.739,0.739,0.854,0.85,0.845,0.776,0.701,0.865,0.75,0.695,0.708,0.788,0.722,0.747,0.851,0.905,0.738,0.678,0.803,0.758,0.772,0.742,0.793,0.679,0.885,0.722,0.868,0.758,0.821,0.793,0.781,0.728,0.789,0.728,0.895,0.738,0.787,0.847,0.74,0.642,0.642
"Jitka Seitlová",0.738,0.786,0.756,0.7,0.681,0.771,0.736,0.734,0.649,0.57,0.713,0.756,0.655,0.699,0.686,0.736,0.621,0.73,0.658,0.566,0.525,0.631,0.744,0.657,0.63,0.714,0.719,0.613,0.626,0.7,0.697,0.652,NA,0.642,0.681,0.66,0.773,0.619,0.688,0.746,0.623,0.759,0.775,0.617,0.709,0.661,0.775,0.666,0.665,0.737,0.648,0.649,0.738,0.671,0.733,0.709,0.631,0.669,0.618,0.748,0.8,0.734,0.665,0.774,0.657,0.647,0.811,0.661,0.775,0.739,0.705,0.575,0.844,0.742,0.772,0.644,0.661,0.675,0.675,0.767,0.6,0.583
"Karel Kratochvíle",0.737,0.735,0.715,0.7,0.814,0.762,0.753,0.738,0.799,0.617,0.729,0.707,0.684,0.792,0.843,0.728,0.746,0.741,0.699,0.739,0.557,0.639,0.711,0.744,0.683,0.718,0.72,0.768,0.628,0.734,0.696,0.651,0.642,NA,0.688,0.678,0.695,0.791,0.709,0.674,0.685,0.702,0.706,0.666,0.705,0.672,0.703,0.79,0.676,0.709,0.794,0.721,0.673,0.843,0.727,0.663,0.745,0.807,0.785,0.71,0.708,0.718,0.842,0.714,0.712,0.647,0.698,0.686,0.667,0.736,0.666,0.62,0.664,0.694,0.703,0.661,0.633,0.695,0.673,0.707,0.789,0.759
"Ladislav Faktor",0.793,0.795,0.796,0.828,0.766,0.806,0.815,0.842,0.757,0.696,0.77,0.821,0.886,0.78,0.747,0.775,0.703,0.846,0.695,0.675,0.632,0.857,0.782,0.684,0.698,0.674,0.796,0.689,0.778,0.765,0.818,0.901,0.681,0.688,NA,0.893,0.79,0.709,0.797,0.774,0.876,0.738,0.753,0.861,0.861,0.836,0.779,0.701,0.867,0.754,0.743,0.698,0.792,0.745,0.77,0.856,0.883,0.739,0.712,0.811,0.767,0.772,0.737,0.815,0.687,0.845,0.757,0.852,0.749,0.843,0.796,0.771,0.743,0.821,0.752,0.865,0.727,0.792,0.835,0.761,0.683,0.701
"Ladislav Chlupáč",0.778,0.794,0.79,0.792,0.772,0.81,0.809,0.823,0.75,0.686,0.787,0.796,0.902,0.717,0.732,0.793,0.694,0.881,0.717,0.693,0.586,0.869,0.769,0.672,0.707,0.66,0.754,0.701,0.731,0.76,0.763,0.895,0.66,0.678,0.893,NA,0.755,0.694,0.786,0.753,0.861,0.719,0.74,0.854,0.869,0.84,0.777,0.679,0.875,0.756,0.745,0.715,0.79,0.725,0.762,0.833,0.89,0.746,0.7,0.786,0.738,0.777,0.749,0.774,0.682,0.85,0.752,0.882,0.747,0.814,0.78,0.74,0.74,0.793,0.73,0.894,0.74,0.782,0.849,0.75,0.689,0.667
"Ladislav Kos",0.808,0.837,0.838,0.859,0.783,0.854,0.845,0.85,0.745,0.608,0.773,0.835,0.759,0.781,0.739,0.833,0.711,0.777,0.738,0.665,0.487,0.703,0.809,0.6,0.676,0.761,0.807,0.716,0.657,0.77,0.78,0.779,0.773,0.695,0.79,0.755,NA,0.731,0.775,0.88,0.747,0.804,0.838,0.733,0.809,0.725,0.861,0.722,0.724,0.8,0.774,0.687,0.815,0.789,0.738,0.836,0.773,0.734,0.723,0.826,0.878,0.792,0.761,0.901,0.68,0.704,0.847,0.716,0.827,0.828,0.86,0.657,0.868,0.821,0.879,0.741,0.641,0.743,0.717,0.827,0.707,0.61
"Ladislav Václavec",0.715,0.747,0.769,0.682,0.827,0.759,0.754,0.735,0.808,0.553,0.702,0.726,0.71,0.796,0.778,0.759,0.802,0.776,0.734,0.829,0.492,0.675,0.719,0.821,0.684,0.707,0.688,0.911,0.607,0.735,0.659,0.66,0.619,0.791,0.709,0.694,0.731,NA,0.664,0.716,0.667,0.657,0.68,0.698,0.707,0.68,0.703,0.777,0.667,0.712,0.891,0.735,0.661,0.849,0.668,0.695,0.715,0.744,0.877,0.68,0.696,0.756,0.807,0.739,0.691,0.674,0.712,0.676,0.702,0.721,0.718,0.614,0.689,0.725,0.676,0.692,0.573,0.693,0.69,0.692,0.878,0.721
"Leopold Sulovský",0.843,0.797,0.808,0.829,0.743,0.813,0.818,0.845,0.78,0.606,0.788,0.807,0.756,0.771,0.733,0.793,0.678,0.775,0.709,0.656,0.535,0.73,0.794,0.639,0.681,0.715,0.818,0.649,0.694,0.78,0.821,0.747,0.688,0.709,0.797,0.786,0.775,0.664,NA,0.777,0.774,0.769,0.796,0.753,0.819,0.742,0.807,0.675,0.762,0.767,0.704,0.619,0.803,0.727,0.774,0.799,0.798,0.729,0.648,0.838,0.78,0.788,0.776,0.808,0.672,0.75,0.785,0.732,0.76,0.832,0.766,0.674,0.772,0.828,0.786,0.753,0.733,0.762,0.742,0.78,0.662,0.643
"Lukáš Wagenknecht",0.801,0.799,0.807,0.815,0.756,0.815,0.806,0.812,0.73,0.626,0.777,0.792,0.749,0.769,0.718,0.8,0.68,0.744,0.69,0.638,0.522,0.691,0.796,0.648,0.644,0.764,0.775,0.695,0.661,0.769,0.766,0.751,0.746,0.674,0.774,0.753,0.88,0.716,0.777,NA,0.747,0.755,0.813,0.742,0.774,0.704,0.834,0.717,0.74,0.754,0.749,0.678,0.793,0.757,0.728,0.789,0.753,0.72,0.704,0.779,0.834,0.774,0.742,0.887,0.666,0.717,0.841,0.746,0.78,0.842,0.869,0.662,0.837,0.8,0.86,0.73,0.679,0.741,0.719,0.814,0.676,0.579
"Lumír Aschenbrenner",0.756,0.751,0.762,0.715,0.746,0.768,0.783,0.81,0.732,0.74,0.769,0.781,0.864,0.737,0.722,0.748,0.685,0.86,0.687,0.679,0.633,0.85,0.748,0.645,0.696,0.62,0.76,0.67,0.794,0.729,0.788,0.873,0.623,0.685,0.876,0.861,0.747,0.667,0.774,0.747,NA,0.724,0.711,0.828,0.833,0.799,0.715,0.674,0.831,0.72,0.702,0.673,0.763,0.715,0.727,0.783,0.9,0.732,0.682,0.777,0.756,0.734,0.73,0.789,0.634,0.817,0.714,0.839,0.742,0.808,0.745,0.763,0.692,0.791,0.725,0.889,0.748,0.757,0.813,0.761,0.664,0.695
"Lumír Kantor",0.801,0.85,0.827,0.776,0.76,0.848,0.788,0.812,0.714,0.614,0.753,0.788,0.712,0.75,0.72,0.805,0.666,0.742,0.697,0.621,0.523,0.688,0.799,0.644,0.654,0.717,0.787,0.662,0.652,0.773,0.786,0.739,0.759,0.702,0.738,0.719,0.804,0.657,0.769,0.755,0.724,NA,0.817,0.695,0.748,0.71,0.805,0.731,0.696,0.818,0.696,0.676,0.766,0.743,0.756,0.768,0.728,0.721,0.68,0.786,0.821,0.827,0.757,0.824,0.689,0.683,0.847,0.688,0.851,0.825,0.72,0.632,0.835,0.771,0.81,0.67,0.68,0.706,0.685,0.822,0.657,0.635
"Marek Hilšer",0.865,0.856,0.825,0.837,0.787,0.859,0.833,0.834,0.749,0.576,0.809,0.809,0.739,0.776,0.743,0.827,0.681,0.776,0.685,0.658,0.483,0.69,0.814,0.706,0.663,0.768,0.824,0.674,0.635,0.796,0.793,0.739,0.775,0.706,0.753,0.74,0.838,0.68,0.796,0.813,0.711,0.817,NA,0.715,0.786,0.746,0.85,0.726,0.716,0.793,0.736,0.668,0.814,0.778,0.759,0.808,0.735,0.735,0.69,0.806,0.838,0.802,0.751,0.881,0.688,0.704,0.853,0.708,0.812,0.838,0.78,0.615,0.848,0.823,0.804,0.705,0.668,0.746,0.714,0.829,0.695,0.64
"Martin Červíček",0.767,0.742,0.756,0.747,0.745,0.762,0.774,0.799,0.743,0.74,0.749,0.76,0.887,0.728,0.722,0.748,0.668,0.803,0.667,0.664,0.63,0.841,0.752,0.666,0.676,0.64,0.752,0.671,0.756,0.727,0.758,0.854,0.617,0.666,0.861,0.854,0.733,0.698,0.753,0.742,0.828,0.695,0.715,NA,0.805,0.834,0.734,0.645,0.848,0.712,0.702,0.72,0.744,0.717,0.745,0.796,0.849,0.724,0.675,0.762,0.721,0.75,0.72,0.771,0.685,0.844,0.704,0.854,0.732,0.79,0.739,0.759,0.678,0.769,0.712,0.866,0.691,0.751,0.856,0.713,0.676,0.636
"Michael Canov",0.821,0.811,0.815,0.832,0.771,0.832,0.848,0.861,0.754,0.648,0.807,0.843,0.835,0.774,0.763,0.796,0.69,0.857,0.703,0.673,0.59,0.816,0.782,0.698,0.722,0.685,0.81,0.687,0.729,0.795,0.83,0.85,0.709,0.705,0.861,0.869,0.809,0.707,0.819,0.774,0.833,0.748,0.786,0.805,NA,0.839,0.823,0.662,0.82,0.748,0.732,0.706,0.828,0.757,0.742,0.852,0.861,0.761,0.708,0.856,0.791,0.76,0.723,0.817,0.656,0.799,0.772,0.829,0.77,0.86,0.79,0.724,0.773,0.829,0.781,0.848,0.711,0.813,0.806,0.793,0.684,0.623
"Michal Kortyš",0.799,0.765,0.757,0.732,0.758,0.767,0.798,0.818,0.705,0.719,0.747,0.772,0.841,0.738,0.746,0.733,0.656,0.841,0.654,0.641,0.622,0.824,0.721,0.637,0.664,0.652,0.794,0.654,0.767,0.732,0.771,0.845,0.661,0.672,0.836,0.84,0.725,0.68,0.742,0.704,0.799,0.71,0.746,0.834,0.839,NA,0.75,0.685,0.852,0.731,0.673,0.696,0.787,0.717,0.753,0.783,0.799,0.707,0.66,0.771,0.713,0.72,0.735,0.744,0.658,0.829,0.713,0.833,0.73,0.796,0.712,0.702,0.701,0.783,0.725,0.833,0.724,0.77,0.811,0.697,0.666,0.648
"Mikuláš Bek",0.872,0.861,0.854,0.846,0.769,0.877,0.868,0.859,0.77,0.564,0.803,0.855,0.753,0.796,0.756,0.864,0.702,0.737,0.721,0.665,0.523,0.716,0.839,0.673,0.713,0.802,0.854,0.701,0.658,0.817,0.803,0.776,0.775,0.703,0.779,0.777,0.861,0.703,0.807,0.834,0.715,0.805,0.85,0.734,0.823,0.75,NA,0.717,0.725,0.796,0.741,0.702,0.85,0.77,0.749,0.845,0.775,0.779,0.73,0.826,0.84,0.822,0.763,0.871,0.691,0.736,0.846,0.723,0.827,0.861,0.803,0.611,0.88,0.836,0.83,0.726,0.677,0.756,0.712,0.812,0.69,0.623
"Milan Štěch",0.75,0.765,0.785,0.723,0.821,0.784,0.761,0.747,0.815,0.604,0.711,0.734,0.676,0.807,0.812,0.756,0.73,0.727,0.762,0.736,0.557,0.664,0.763,0.722,0.581,0.736,0.746,0.77,0.647,0.734,0.706,0.701,0.666,0.79,0.701,0.679,0.722,0.777,0.675,0.717,0.674,0.731,0.726,0.645,0.662,0.685,0.717,NA,0.694,0.751,0.805,0.735,0.658,0.783,0.704,0.704,0.713,0.76,0.792,0.698,0.741,0.753,0.878,0.748,0.733,0.62,0.711,0.654,0.752,0.725,0.729,0.59,0.739,0.732,0.725,0.619,0.644,0.674,0.664,0.715,0.786,0.75
"Miloš Vystrčil",0.76,0.743,0.751,0.744,0.761,0.761,0.768,0.794,0.735,0.757,0.763,0.768,0.887,0.722,0.729,0.729,0.671,0.813,0.669,0.637,0.65,0.852,0.725,0.659,0.665,0.635,0.74,0.652,0.767,0.727,0.763,0.865,0.665,0.676,0.867,0.875,0.724,0.667,0.762,0.74,0.831,0.696,0.716,0.848,0.82,0.852,0.725,0.694,NA,0.689,0.693,0.689,0.743,0.704,0.736,0.81,0.838,0.713,0.657,0.776,0.725,0.763,0.737,0.751,0.668,0.842,0.704,0.85,0.715,0.805,0.745,0.765,0.688,0.757,0.725,0.841,0.767,0.752,0.853,0.707,0.671,0.675
"Miluše Horská",0.813,0.879,0.879,0.786,0.792,0.893,0.827,0.824,0.787,0.606,0.76,0.812,0.739,0.754,0.77,0.88,0.711,0.702,0.747,0.693,0.521,0.69,0.809,0.688,0.711,0.742,0.804,0.711,0.65,0.779,0.745,0.75,0.737,0.709,0.754,0.756,0.8,0.712,0.767,0.754,0.72,0.818,0.793,0.712,0.748,0.731,0.796,0.751,0.689,NA,0.75,0.688,0.787,0.783,0.782,0.789,0.769,0.774,0.761,0.789,0.815,0.853,0.802,0.839,0.708,0.693,0.84,0.7,0.852,0.809,0.741,0.604,0.828,0.8,0.758,0.743,0.622,0.704,0.704,0.81,0.738,0.543
"Miroslav Adámek",0.733,0.777,0.788,0.748,0.848,0.796,0.771,0.757,0.836,0.553,0.708,0.762,0.726,0.795,0.784,0.809,0.77,0.756,0.764,0.812,0.49,0.697,0.733,0.828,0.665,0.755,0.731,0.892,0.624,0.735,0.701,0.695,0.648,0.794,0.743,0.745,0.774,0.891,0.704,0.749,0.702,0.696,0.736,0.702,0.732,0.673,0.741,0.805,0.693,0.75,NA,0.749,0.707,0.855,0.682,0.726,0.727,0.794,0.861,0.726,0.729,0.746,0.847,0.772,0.735,0.689,0.756,0.707,0.738,0.753,0.759,0.625,0.738,0.741,0.724,0.678,0.592,0.713,0.688,0.741,0.872,0.725
"Miroslav Antl",0.686,0.717,0.729,0.643,0.807,0.711,0.711,0.72,0.717,0.636,0.691,0.7,0.738,0.7,0.738,0.712,0.705,0.783,0.696,0.687,0.6,0.717,0.684,0.686,0.612,0.673,0.686,0.717,0.664,0.707,0.692,0.708,0.649,0.721,0.698,0.715,0.687,0.735,0.619,0.678,0.673,0.676,0.668,0.72,0.706,0.696,0.702,0.735,0.689,0.688,0.749,NA,0.653,0.74,0.711,0.684,0.711,0.742,0.709,0.684,0.692,0.738,0.761,0.729,0.916,0.715,0.654,0.647,0.706,0.71,0.67,0.659,0.649,0.674,0.678,0.709,0.624,0.687,0.663,0.655,0.686,0.674
"Miroslav Balatka",0.826,0.82,0.812,0.812,0.746,0.837,0.834,0.847,0.73,0.674,0.773,0.826,0.774,0.739,0.72,0.824,0.666,0.791,0.698,0.629,0.568,0.723,0.771,0.641,0.729,0.731,0.807,0.647,0.678,0.781,0.787,0.788,0.738,0.673,0.792,0.79,0.815,0.661,0.803,0.793,0.763,0.766,0.814,0.744,0.828,0.787,0.85,0.658,0.743,0.787,0.707,0.653,NA,0.731,0.74,0.814,0.793,0.73,0.657,0.824,0.806,0.769,0.745,0.843,0.642,0.747,0.811,0.751,0.786,0.843,0.764,0.676,0.789,0.824,0.779,0.765,0.686,0.732,0.737,0.762,0.657,0.688
"Miroslav Nenutil",0.784,0.805,0.813,0.745,0.896,0.815,0.807,0.808,0.858,0.596,0.713,0.776,0.721,0.856,0.836,0.807,0.813,0.718,0.813,0.772,0.492,0.711,0.762,0.805,0.677,0.756,0.742,0.817,0.649,0.747,0.73,0.722,0.671,0.843,0.745,0.725,0.789,0.849,0.727,0.757,0.715,0.743,0.778,0.717,0.757,0.717,0.77,0.783,0.704,0.783,0.855,0.74,0.731,NA,0.693,0.749,0.756,0.828,0.797,0.721,0.754,0.795,0.857,0.814,0.738,0.684,0.767,0.709,0.788,0.78,0.744,0.636,0.76,0.773,0.749,0.702,0.6,0.714,0.718,0.737,0.82,0.683
"Patrik Kunčar",0.78,0.825,0.821,0.727,0.739,0.815,0.746,0.778,0.705,0.622,0.733,0.745,0.75,0.722,0.724,0.797,0.648,0.77,0.7,0.634,0.569,0.725,0.793,0.657,0.715,0.677,0.719,0.649,0.712,0.737,0.739,0.747,0.733,0.727,0.77,0.762,0.738,0.668,0.774,0.728,0.727,0.756,0.759,0.745,0.742,0.753,0.749,0.704,0.736,0.782,0.682,0.711,0.74,0.693,NA,0.775,0.759,0.738,0.692,0.771,0.757,0.779,0.69,0.78,0.739,0.73,0.777,0.691,0.764,0.799,0.751,0.684,0.749,0.75,0.739,0.74,0.702,0.673,0.742,0.731,0.672,0.705
"Pavel Fischer",0.84,0.818,0.815,0.843,0.776,0.84,0.821,0.875,0.759,0.625,0.803,0.842,0.825,0.78,0.733,0.807,0.684,0.785,0.733,0.628,0.558,0.786,0.786,0.657,0.718,0.721,0.801,0.658,0.721,0.78,0.788,0.851,0.709,0.663,0.856,0.833,0.836,0.695,0.799,0.789,0.783,0.768,0.808,0.796,0.852,0.783,0.845,0.704,0.81,0.789,0.726,0.684,0.814,0.749,0.775,NA,0.843,0.746,0.678,0.845,0.832,0.794,0.721,0.858,0.677,0.784,0.788,0.785,0.779,0.869,0.815,0.678,0.802,0.844,0.808,0.796,0.68,0.773,0.787,0.805,0.693,0.662
"Pavel Karpíšek",0.78,0.788,0.802,0.756,0.81,0.808,0.807,0.842,0.766,0.702,0.77,0.81,0.884,0.734,0.757,0.784,0.735,0.942,0.738,0.675,0.613,0.881,0.771,0.671,0.701,0.651,0.801,0.699,0.783,0.781,0.817,0.905,0.631,0.745,0.883,0.89,0.773,0.715,0.798,0.753,0.9,0.728,0.735,0.849,0.861,0.799,0.775,0.713,0.838,0.769,0.727,0.711,0.793,0.756,0.759,0.843,NA,0.755,0.716,0.784,0.746,0.784,0.753,0.789,0.642,0.856,0.744,0.864,0.772,0.831,0.775,0.743,0.73,0.792,0.71,0.903,0.703,0.798,0.851,0.759,0.679,0.692
"Pavel Štohl",0.777,0.798,0.803,0.723,0.839,0.813,0.792,0.806,0.82,0.625,0.739,0.756,0.717,0.813,0.831,0.807,0.717,0.731,0.782,0.689,0.555,0.699,0.785,0.743,0.717,0.734,0.762,0.714,0.687,0.716,0.713,0.738,0.669,0.807,0.739,0.746,0.734,0.744,0.729,0.72,0.732,0.721,0.735,0.724,0.761,0.707,0.779,0.76,0.713,0.774,0.794,0.742,0.73,0.828,0.738,0.746,0.755,NA,0.775,0.752,0.753,0.755,0.818,0.786,0.73,0.701,0.746,0.683,0.721,0.762,0.718,0.642,0.729,0.748,0.715,0.726,0.679,0.705,0.7,0.71,0.737,0.627
"Peter Koliba",0.705,0.801,0.797,0.679,0.786,0.778,0.762,0.738,0.8,0.492,0.701,0.731,0.696,0.771,0.775,0.827,0.814,0.758,0.728,0.838,0.509,0.665,0.747,0.869,0.696,0.73,0.716,0.893,0.599,0.743,0.672,0.678,0.618,0.785,0.712,0.7,0.723,0.877,0.648,0.704,0.682,0.68,0.69,0.675,0.708,0.66,0.73,0.792,0.657,0.761,0.861,0.709,0.657,0.797,0.692,0.678,0.716,0.775,NA,0.711,0.688,0.75,0.791,0.751,0.683,0.658,0.73,0.65,0.721,0.699,0.71,0.571,0.729,0.717,0.648,0.685,0.58,0.684,0.645,0.68,0.864,0.727
"Petr Holeček",0.844,0.821,0.813,0.854,0.74,0.835,0.842,0.861,0.719,0.644,0.802,0.844,0.792,0.797,0.743,0.812,0.666,0.801,0.698,0.619,0.578,0.764,0.799,0.675,0.699,0.722,0.846,0.67,0.702,0.789,0.827,0.803,0.748,0.71,0.811,0.786,0.826,0.68,0.838,0.779,0.777,0.786,0.806,0.762,0.856,0.771,0.826,0.698,0.776,0.789,0.726,0.684,0.824,0.721,0.771,0.845,0.784,0.752,0.711,NA,0.815,0.774,0.724,0.826,0.67,0.767,0.801,0.755,0.767,0.871,0.788,0.683,0.792,0.847,0.808,0.777,0.758,0.789,0.767,0.865,0.656,0.623
"Petr Orel",0.82,0.856,0.84,0.837,0.774,0.863,0.825,0.875,0.739,0.644,0.795,0.837,0.749,0.785,0.743,0.826,0.68,0.762,0.732,0.635,0.504,0.713,0.808,0.665,0.689,0.743,0.802,0.662,0.658,0.794,0.788,0.758,0.8,0.708,0.767,0.738,0.878,0.696,0.78,0.834,0.756,0.821,0.838,0.721,0.791,0.713,0.84,0.741,0.725,0.815,0.729,0.692,0.806,0.754,0.757,0.832,0.746,0.753,0.688,0.815,NA,0.803,0.732,0.922,0.687,0.7,0.843,0.711,0.816,0.858,0.833,0.656,0.866,0.843,0.884,0.741,0.675,0.739,0.723,0.833,0.677,0.662
"Petr Šilar",0.831,0.88,0.889,0.749,0.805,0.889,0.829,0.836,0.789,0.599,0.785,0.791,0.783,0.742,0.753,0.884,0.731,0.805,0.786,0.725,0.549,0.765,0.852,0.73,0.676,0.739,0.765,0.726,0.678,0.753,0.761,0.772,0.734,0.718,0.772,0.777,0.792,0.756,0.788,0.774,0.734,0.827,0.802,0.75,0.76,0.72,0.822,0.753,0.763,0.853,0.746,0.738,0.769,0.795,0.779,0.794,0.784,0.755,0.75,0.774,0.803,NA,0.769,0.839,0.741,0.737,0.824,0.757,0.873,0.807,0.769,0.656,0.804,0.807,0.77,0.751,0.656,0.7,0.767,0.8,0.733,0.649
"Petr Vícha",0.814,0.798,0.799,0.75,0.885,0.807,0.794,0.797,0.893,0.663,0.75,0.776,0.718,0.819,0.872,0.821,0.823,0.744,0.821,0.756,0.548,0.681,0.809,0.723,0.656,0.764,0.803,0.79,0.658,0.752,0.724,0.742,0.665,0.842,0.737,0.749,0.761,0.807,0.776,0.742,0.73,0.757,0.751,0.72,0.723,0.735,0.763,0.878,0.737,0.802,0.847,0.761,0.745,0.857,0.69,0.721,0.753,0.818,0.791,0.724,0.732,0.769,NA,0.777,0.795,0.693,0.764,0.714,0.782,0.774,0.724,0.64,0.73,0.772,0.727,0.708,0.632,0.717,0.709,0.73,0.832,0.604
"Přemysl Rabas",0.862,0.881,0.873,0.864,0.799,0.89,0.87,0.905,0.797,0.639,0.82,0.885,0.785,0.831,0.771,0.864,0.754,0.787,0.756,0.683,0.535,0.728,0.847,0.658,0.697,0.751,0.819,0.702,0.685,0.82,0.811,0.793,0.774,0.714,0.815,0.774,0.901,0.739,0.808,0.887,0.789,0.824,0.881,0.771,0.817,0.744,0.871,0.748,0.751,0.839,0.772,0.729,0.843,0.814,0.78,0.858,0.789,0.786,0.751,0.826,0.922,0.839,0.777,NA,0.712,0.726,0.871,0.727,0.875,0.882,0.846,0.656,0.882,0.864,0.917,0.75,0.679,0.785,0.764,0.849,0.703,0.685
"Radek Sušil",0.706,0.717,0.737,0.627,0.787,0.708,0.691,0.709,0.744,0.611,0.631,0.673,0.671,0.729,0.733,0.753,0.739,0.828,0.685,0.688,0.583,0.657,0.706,0.673,0.592,0.725,0.658,0.694,0.625,0.651,0.66,0.679,0.657,0.712,0.687,0.682,0.68,0.691,0.672,0.666,0.634,0.689,0.688,0.685,0.656,0.658,0.691,0.733,0.668,0.708,0.735,0.916,0.642,0.738,0.739,0.677,0.642,0.73,0.683,0.67,0.687,0.741,0.795,0.712,NA,0.674,0.674,0.616,0.689,0.721,0.677,0.605,0.674,0.682,0.676,0.655,0.594,0.636,0.647,0.667,0.689,0.662
"Raduan Nwelati",0.748,0.733,0.727,0.728,0.723,0.735,0.75,0.768,0.706,0.74,0.737,0.748,0.859,0.705,0.7,0.721,0.654,0.879,0.661,0.64,0.646,0.846,0.722,0.649,0.681,0.621,0.733,0.635,0.77,0.715,0.77,0.885,0.647,0.647,0.845,0.85,0.704,0.674,0.75,0.717,0.817,0.683,0.704,0.844,0.799,0.829,0.736,0.62,0.842,0.693,0.689,0.715,0.747,0.684,0.73,0.784,0.856,0.701,0.658,0.767,0.7,0.737,0.693,0.726,0.674,NA,0.71,0.829,0.701,0.762,0.702,0.764,0.683,0.746,0.675,0.859,0.737,0.752,0.814,0.692,0.62,0.597
"Renata Chmelová",0.823,0.882,0.856,0.813,0.776,0.876,0.809,0.811,0.734,0.553,0.779,0.814,0.737,0.784,0.731,0.865,0.684,0.749,0.733,0.659,0.512,0.685,0.888,0.696,0.716,0.801,0.783,0.707,0.615,0.792,0.769,0.722,0.811,0.698,0.757,0.752,0.847,0.712,0.785,0.841,0.714,0.847,0.853,0.704,0.772,0.713,0.846,0.711,0.704,0.84,0.756,0.654,0.811,0.767,0.777,0.788,0.744,0.746,0.73,0.801,0.843,0.824,0.764,0.871,0.674,0.71,NA,0.712,0.835,0.82,0.794,0.607,0.892,0.819,0.844,0.709,0.639,0.745,0.711,0.866,0.71,0.548
"Rostislav Koštial",0.746,0.734,0.741,0.715,0.717,0.755,0.774,0.796,0.714,0.715,0.769,0.751,0.906,0.729,0.709,0.739,0.686,0.881,0.67,0.653,0.639,0.857,0.71,0.67,0.677,0.661,0.735,0.659,0.756,0.701,0.756,0.868,0.661,0.686,0.852,0.882,0.716,0.676,0.732,0.746,0.839,0.688,0.708,0.854,0.829,0.833,0.723,0.654,0.85,0.7,0.707,0.647,0.751,0.709,0.691,0.785,0.864,0.683,0.65,0.755,0.711,0.757,0.714,0.727,0.616,0.829,0.712,NA,0.715,0.782,0.749,0.73,0.709,0.765,0.696,0.897,0.705,0.767,0.842,0.775,0.66,0.587
"Šárka Jelínková",0.8,0.871,0.864,0.753,0.801,0.882,0.806,0.814,0.783,0.593,0.773,0.801,0.75,0.749,0.736,0.85,0.692,0.739,0.72,0.683,0.548,0.717,0.812,0.641,0.716,0.727,0.784,0.692,0.672,0.771,0.763,0.758,0.775,0.667,0.749,0.747,0.827,0.702,0.76,0.78,0.742,0.851,0.812,0.732,0.77,0.73,0.827,0.752,0.715,0.852,0.738,0.706,0.786,0.788,0.764,0.779,0.772,0.721,0.721,0.767,0.816,0.873,0.782,0.875,0.689,0.701,0.835,0.715,NA,0.798,0.771,0.632,0.834,0.796,0.787,0.722,0.662,0.753,0.702,0.789,0.707,0.62
"Tomáš Czernin",0.887,0.866,0.853,0.837,0.791,0.88,0.869,0.941,0.762,0.667,0.833,0.882,0.804,0.829,0.766,0.842,0.696,0.806,0.713,0.657,0.56,0.769,0.807,0.704,0.721,0.739,0.837,0.681,0.726,0.824,0.843,0.821,0.739,0.736,0.843,0.814,0.828,0.721,0.832,0.842,0.808,0.825,0.838,0.79,0.86,0.796,0.861,0.725,0.805,0.809,0.753,0.71,0.843,0.78,0.799,0.869,0.831,0.762,0.699,0.871,0.858,0.807,0.774,0.882,0.721,0.762,0.82,0.782,0.798,NA,0.825,0.7,0.821,0.882,0.835,0.794,0.712,0.771,0.785,0.865,0.724,0.712
"Tomáš Goláň",0.766,0.786,0.806,0.782,0.755,0.793,0.799,0.81,0.735,0.616,0.74,0.802,0.764,0.761,0.744,0.797,0.67,0.753,0.692,0.66,0.481,0.724,0.753,0.648,0.625,0.733,0.779,0.704,0.694,0.736,0.753,0.793,0.705,0.666,0.796,0.78,0.86,0.718,0.766,0.869,0.745,0.72,0.78,0.739,0.79,0.712,0.803,0.729,0.745,0.741,0.759,0.67,0.764,0.744,0.751,0.815,0.775,0.718,0.71,0.788,0.833,0.769,0.724,0.846,0.677,0.702,0.794,0.749,0.771,0.825,NA,0.676,0.805,0.786,0.841,0.759,0.657,0.74,0.733,0.764,0.673,0.694
"Tomáš Jirsa",0.651,0.635,0.626,0.653,0.652,0.64,0.65,0.699,0.621,0.735,0.655,0.672,0.758,0.6,0.647,0.626,0.605,0.807,0.6,0.616,0.655,0.761,0.642,0.606,0.595,0.559,0.662,0.591,0.725,0.657,0.685,0.781,0.575,0.62,0.771,0.74,0.657,0.614,0.674,0.662,0.763,0.632,0.615,0.759,0.724,0.702,0.611,0.59,0.765,0.604,0.625,0.659,0.676,0.636,0.684,0.678,0.743,0.642,0.571,0.683,0.656,0.656,0.64,0.656,0.605,0.764,0.607,0.73,0.632,0.7,0.676,NA,0.583,0.669,0.648,0.742,0.689,0.678,0.755,0.643,0.591,0.719
"Václav Hampl",0.821,0.875,0.854,0.809,0.76,0.855,0.836,0.818,0.73,0.542,0.792,0.831,0.73,0.768,0.717,0.847,0.668,0.748,0.746,0.652,0.472,0.687,0.828,0.695,0.67,0.792,0.799,0.704,0.619,0.796,0.766,0.728,0.844,0.664,0.743,0.74,0.868,0.689,0.772,0.837,0.692,0.835,0.848,0.678,0.773,0.701,0.88,0.739,0.688,0.828,0.738,0.649,0.789,0.76,0.749,0.802,0.73,0.729,0.729,0.792,0.866,0.804,0.73,0.882,0.674,0.683,0.892,0.709,0.834,0.821,0.805,0.583,NA,0.814,0.836,0.7,0.637,0.727,0.703,0.842,0.682,0.648
"Václav Chaloupek",0.852,0.83,0.841,0.834,0.78,0.844,0.854,0.896,0.762,0.628,0.815,0.868,0.778,0.786,0.761,0.83,0.694,0.805,0.721,0.682,0.536,0.766,0.802,0.688,0.719,0.762,0.829,0.709,0.67,0.823,0.806,0.789,0.742,0.694,0.821,0.793,0.821,0.725,0.828,0.8,0.791,0.771,0.823,0.769,0.829,0.783,0.836,0.732,0.757,0.8,0.741,0.674,0.824,0.773,0.75,0.844,0.792,0.748,0.717,0.847,0.843,0.807,0.772,0.864,0.682,0.746,0.819,0.765,0.796,0.882,0.786,0.669,0.814,NA,0.794,0.774,0.669,0.767,0.765,0.841,0.727,0.64
"Václav Láska",0.789,0.794,0.816,0.803,0.736,0.825,0.809,0.831,0.714,0.61,0.798,0.818,0.719,0.761,0.721,0.789,0.643,0.773,0.698,0.62,0.532,0.683,0.792,0.614,0.66,0.753,0.78,0.665,0.647,0.761,0.792,0.728,0.772,0.703,0.752,0.73,0.879,0.676,0.786,0.86,0.725,0.81,0.804,0.712,0.781,0.725,0.83,0.725,0.725,0.758,0.724,0.678,0.779,0.749,0.739,0.808,0.71,0.715,0.648,0.808,0.884,0.77,0.727,0.917,0.676,0.675,0.844,0.696,0.787,0.835,0.841,0.648,0.836,0.794,NA,0.685,0.677,0.735,0.721,0.803,0.674,0.671
"Vladislav Vilímec",0.746,0.759,0.757,0.698,0.732,0.777,0.776,0.809,0.73,0.739,0.756,0.763,0.899,0.7,0.755,0.726,0.682,0.868,0.67,0.67,0.644,0.878,0.744,0.708,0.71,0.609,0.751,0.657,0.777,0.703,0.757,0.895,0.644,0.661,0.865,0.894,0.741,0.692,0.753,0.73,0.889,0.67,0.705,0.866,0.848,0.833,0.726,0.619,0.841,0.743,0.678,0.709,0.765,0.702,0.74,0.796,0.903,0.726,0.685,0.777,0.741,0.751,0.708,0.75,0.655,0.859,0.709,0.897,0.722,0.794,0.759,0.742,0.7,0.774,0.685,NA,0.711,0.774,0.852,0.729,0.656,0.627
"Zbyněk Linhart",0.68,0.678,0.662,0.688,0.638,0.681,0.691,0.679,0.632,0.674,0.721,0.71,0.731,0.638,0.658,0.643,0.555,0.815,0.58,0.559,0.662,0.712,0.682,0.607,0.622,0.574,0.678,0.568,0.724,0.685,0.718,0.738,0.661,0.633,0.727,0.74,0.641,0.573,0.733,0.679,0.748,0.68,0.668,0.691,0.711,0.724,0.677,0.644,0.767,0.622,0.592,0.624,0.686,0.6,0.702,0.68,0.703,0.679,0.58,0.758,0.675,0.656,0.632,0.679,0.594,0.737,0.639,0.705,0.662,0.712,0.657,0.689,0.637,0.669,0.677,0.711,NA,0.682,0.733,0.684,0.53,0.675
"Zdeněk Hraba",0.769,0.749,0.752,0.744,0.736,0.768,0.808,0.803,0.749,0.62,0.728,0.782,0.775,0.748,0.755,0.734,0.68,0.771,0.675,0.647,0.568,0.749,0.75,0.671,0.67,0.68,0.803,0.674,0.676,0.776,0.795,0.787,0.675,0.695,0.792,0.782,0.743,0.693,0.762,0.741,0.757,0.706,0.746,0.751,0.813,0.77,0.756,0.674,0.752,0.704,0.713,0.687,0.732,0.714,0.673,0.773,0.798,0.705,0.684,0.789,0.739,0.7,0.717,0.785,0.636,0.752,0.745,0.767,0.753,0.771,0.74,0.678,0.727,0.767,0.735,0.774,0.682,NA,0.734,0.748,0.653,0.587
"Zdeněk Nytra",0.759,0.731,0.75,0.719,0.722,0.759,0.752,0.787,0.715,0.723,0.737,0.762,0.868,0.681,0.713,0.741,0.64,0.829,0.673,0.641,0.658,0.833,0.74,0.673,0.685,0.62,0.729,0.644,0.779,0.706,0.759,0.847,0.675,0.673,0.835,0.849,0.717,0.69,0.742,0.719,0.813,0.685,0.714,0.856,0.806,0.811,0.712,0.664,0.853,0.704,0.688,0.663,0.737,0.718,0.742,0.787,0.851,0.7,0.645,0.767,0.723,0.767,0.709,0.764,0.647,0.814,0.711,0.842,0.702,0.785,0.733,0.755,0.703,0.765,0.721,0.852,0.733,0.734,NA,0.736,0.647,0.672
"Zdeněk Papoušek",0.802,0.83,0.834,0.83,0.738,0.842,0.815,0.873,0.721,0.57,0.779,0.809,0.761,0.818,0.686,0.854,0.651,0.819,0.708,0.626,0.545,0.707,0.806,0.653,0.702,0.751,0.788,0.666,0.664,0.793,0.807,0.74,0.767,0.707,0.761,0.75,0.827,0.692,0.78,0.814,0.761,0.822,0.829,0.713,0.793,0.697,0.812,0.715,0.707,0.81,0.741,0.655,0.762,0.737,0.731,0.805,0.759,0.71,0.68,0.865,0.833,0.8,0.73,0.849,0.667,0.692,0.866,0.775,0.789,0.865,0.764,0.643,0.842,0.841,0.803,0.729,0.684,0.748,0.736,NA,0.673,0.551
"Zdeňka Hamousová",0.73,0.744,0.757,0.675,0.809,0.757,0.73,0.714,0.793,0.539,0.691,0.685,0.675,0.762,0.763,0.753,0.791,0.729,0.738,0.873,0.489,0.661,0.713,0.747,0.674,0.725,0.697,0.869,0.588,0.703,0.655,0.642,0.6,0.789,0.683,0.689,0.707,0.878,0.662,0.676,0.664,0.657,0.695,0.676,0.684,0.666,0.69,0.786,0.671,0.738,0.872,0.686,0.657,0.82,0.672,0.693,0.679,0.737,0.864,0.656,0.677,0.733,0.832,0.703,0.689,0.62,0.71,0.66,0.707,0.724,0.673,0.591,0.682,0.727,0.674,0.656,0.53,0.653,0.647,0.673,NA,0.727
"Zuzana Baudyšová",0.583,0.625,0.662,NA,0.667,0.658,0.623,0.645,0.651,0.518,0.701,0.625,0.649,0.593,0.657,0.662,0.632,0.848,0.549,0.753,0.662,0.622,0.638,0.7,0.481,0.612,0.649,0.688,0.608,0.612,0.594,0.642,0.583,0.759,0.701,0.667,0.61,0.721,0.643,0.579,0.695,0.635,0.64,0.636,0.623,0.648,0.623,0.75,0.675,0.543,0.725,0.674,0.688,0.683,0.705,0.662,0.692,0.627,0.727,0.623,0.662,0.649,0.604,0.685,0.662,0.597,0.548,0.587,0.62,0.712,0.694,0.719,0.648,0.64,0.671,0.627,0.675,0.587,0.672,0.551,0.727,NA
